#;Company;Symbol;Weight;Price;Chg;% Chg;Date
1;Apple Inc.;AAPL;6.67%;190.25;-6.73;(-3.41%);2025-04-21
2;Microsoft Corp;MSFT;6.16%;358.39;-9.39;(-2.55%);2025-04-21
3;Nvidia Corp;NVDA;5.60%;95.34;-6.15;(-6.06%);2025-04-21
4;Amazon.com Inc;AMZN;3.67%;165.72;-6.89;(-3.99%);2025-04-21
5;Meta Platforms, Inc. Class A;META;2.47%;482.93;-18.55;(-3.70%);2025-04-21
6;Berkshire Hathaway Class B;BRK.B;2.14%;501.26;-16.95;(-3.27%);2025-04-21
7;Alphabet Inc. Class A;GOOGL;1.99%;146.57;-4.59;(-3.03%);2025-04-21
8;Broadcom Inc.;AVGO;1.81%;162.65;-8.34;(-4.88%);2025-04-21
9;Alphabet Inc. Class C;GOOG;1.63%;148.74;-4.62;(-3.02%);2025-04-21
10;Tesla, Inc.;TSLA;1.52%;223.27;-18.10;(-7.50%);2025-04-21
11;Eli Lilly & Co.;LLY;1.49%;817.49;-22.47;(-2.67%);2025-04-21
12;Jpmorgan Chase & Co.;JPM;1.46%;227.46;-4.50;(-1.94%);2025-04-21
13;Visa Inc.;V;1.28%;318.16;-11.45;(-3.47%);2025-04-21
14;Exxon Mobil Corporation;XOM;1.05%;104.43;-2.50;(-2.33%);2025-04-21
15;Costco Wholesale Corp;COST;0.99%;948.79;-45.71;(-4.60%);2025-04-21
16;Mastercard Incorporated;MA;0.95%;505.57;-11.76;(-2.27%);2025-04-21
17;Unitedhealth Group Incorporated;UNH;0.94%;432.76;-21.35;(-4.70%);2025-04-21
18;Netflix Inc;NFLX;0.94%;978.22;5.19;(0.53%);2025-04-21
19;Walmart Inc.;WMT;0.91%;91.42;-1.80;(-1.93%);2025-04-21
20;Procter & Gamble Company;PG;0.90%;165.21;-5.42;(-3.17%);2025-04-21
21;Johnson & Johnson;JNJ;0.85%;156.40;-1.07;(-0.68%);2025-04-21
22;Home Depot, Inc.;HD;0.79%;342.08;-12.98;(-3.65%);2025-04-21
23;Abbvie Inc.;ABBV;0.69%;169.43;-3.56;(-2.06%);2025-04-21
24;Coca-Cola Company;KO;0.64%;72.14;-0.86;(-1.18%);2025-04-21
25;Philip Morris International Inc.;PM;0.57%;160.26;-2.95;(-1.81%);2025-04-21
26;Bank of America Corporation;BAC;0.56%;36.61;-0.80;(-2.14%);2025-04-21
27;Salesforce, Inc.;CRM;0.53%;234.21;-13.05;(-5.28%);2025-04-21
28;Chevron Corporation;CVX;0.52%;132.68;-5.19;(-3.77%);2025-04-21
29;Abbott Laboratories;ABT;0.51%;129.04;-1.94;(-1.48%);2025-04-21
30;Mcdonald's Corporation;MCD;0.50%;305.87;-5.43;(-1.74%);2025-04-21
31;Cisco Systems, Inc.;CSCO;0.50%;54.14;-1.63;(-2.91%);2025-04-21
32;International Business Machines Corporation;IBM;0.50%;233.72;-5.09;(-2.13%);2025-04-21
33;Linde Plc;LIN;0.48%;442.65;-9.47;(-2.10%);2025-04-21
34;Wells Fargo & Co.;WFC;0.48%;63.79;-0.92;(-1.42%);2025-04-21
35;Oracle Corp;ORCL;0.47%;121.62;-7.00;(-5.45%);2025-04-21
36;Merck & Co., Inc.;MRK;0.44%;77.22;-0.78;(-0.99%);2025-04-21
37;Pepsico, Inc.;PEP;0.44%;141.09;-1.75;(-1.23%);2025-04-21
38;Ge Aerospace;GE;0.44%;176.99;-4.80;(-2.64%);2025-04-21
39;At&t Inc.;T;0.44%;26.22;-0.93;(-3.41%);2025-04-21
40;Palantir Technologies Inc. Class A;PLTR;0.43%;90.20;-3.58;(-3.81%);2025-04-21
41;Verizon Communications;VZ;0.42%;42.76;-1.28;(-2.91%);2025-04-21
42;Accenture Plc;ACN;0.40%;277.37;-4.98;(-1.76%);2025-04-21
43;Intuitive Surgical Inc.;ISRG;0.39%;464.64;-18.10;(-3.75%);2025-04-21
44;Rtx Corporation;RTX;0.39%;125.06;-3.83;(-2.97%);2025-04-21
45;Intuit Inc;INTU;0.37%;561.81;-23.57;(-4.03%);2025-04-21
46;Thermo Fisher Scientific, Inc.;TMO;0.37%;420.41;-7.09;(-1.66%);2025-04-21
47;Servicenow, Inc.;NOW;0.36%;745.15;-27.01;(-3.50%);2025-04-21
48;Goldman Sachs Group Inc.;GS;0.36%;499.03;-10.47;(-2.05%);2025-04-21
49;Uber Technologies, Inc.;UBER;0.35%;72.19;-3.05;(-4.06%);2025-04-21
50;Progressive Corporation;PGR;0.35%;256.20;-9.25;(-3.48%);2025-04-21
51;The Walt Disney Company;DIS;0.35%;83.59;-1.23;(-1.44%);2025-04-21
52;Adobe Inc.;ADBE;0.34%;341.57;-7.23;(-2.07%);2025-04-21
53;Booking Holdings Inc.;BKNG;0.34%;4,384.08;-189.24;(-4.14%);2025-04-21
54;Qualcomm Inc;QCOM;0.34%;133.89;-2.77;(-2.03%);2025-04-21
55;Amgen Inc;AMGN;0.34%;272.53;-4.76;(-1.72%);2025-04-21
56;S&p Global Inc.;SPGI;0.33%;446.68;-16.20;(-3.50%);2025-04-21
57;Tjx Companies, Inc.;TJX;0.32%;122.66;-4.96;(-3.88%);2025-04-21
58;Advanced Micro Devices;AMD;0.32%;83.95;-3.55;(-4.06%);2025-04-21
59;Boston Scientific Corp.;BSX;0.32%;93.18;-1.94;(-2.04%);2025-04-21
60;Caterpillar Inc.;CAT;0.32%;282.73;-11.52;(-3.91%);2025-04-21
61;American Express Company;AXP;0.31%;239.36;-11.95;(-4.76%);2025-04-21
62;Nextra Energy, Inc.;NEE;0.31%;64.12;-2.19;(-3.30%);2025-04-21
63;Texas Instruments Incorporated;TXN;0.30%;143.37;-5.07;(-3.41%);2025-04-21
64;Morgan Stanley;MS;0.30%;105.41;-3.77;(-3.45%);2025-04-21
65;Union Pacific Corp.;UNP;0.30%;214.10;-6.16;(-2.79%);2025-04-21
66;Gilead Sciences Inc;GILD;0.29%;103.61;-0.93;(-0.89%);2025-04-21
67;The Charles Schwab Corporation;SCHW;0.29%;74.11;-2.05;(-2.69%);2025-04-21
68;Comcast Corp;CMCSA;0.29%;33.40;-0.61;(-1.79%);2025-04-21
69;Honeywell International, Inc.;HON;0.29%;192.63;-3.97;(-2.02%);2025-04-21
70;Blackrock, Inc.;BLK;0.29%;851.60;-24.18;(-2.76%);2025-04-21
71;T-Mobile Us, Inc.;TMUS;0.28%;252.86;-9.18;(-3.50%);2025-04-21
72;Vertex Pharmaceuticals Inc;VRTX;0.28%;477.58;-11.52;(-2.36%);2025-04-21
73;Pfizer Inc.;PFE;0.28%;21.95;-0.20;(-0.88%);2025-04-21
74;Lowe's Companies Inc.;LOW;0.28%;210.83;-8.18;(-3.73%);2025-04-21
75;Boeing Company;BA;0.27%;157.16;-4.75;(-2.93%);2025-04-21
76;Danaher Corporation;DHR;0.27%;183.38;-3.45;(-1.84%);2025-04-21
77;Automatic Data Processing;ADP;0.27%;283.07;-10.21;(-3.48%);2025-04-21
78;Stryker Corporation;SYK;0.27%;335.48;-11.02;(-3.18%);2025-04-21
79;Citigroup Inc.;C;0.27%;62.24;-1.01;(-1.60%);2025-04-21
80;Fiserv, Inc.;FI;0.27%;205.56;-3.10;(-1.48%);2025-04-21
81;Deere & Company;DE;0.26%;437.10;-14.97;(-3.31%);2025-04-21
82;Conocophillips;COP;0.26%;86.51;-2.47;(-2.78%);2025-04-21
83;Applied Materials Inc;AMAT;0.25%;133.32;-4.14;(-3.01%);2025-04-21
84;Palo Alto Networks, Inc.;PANW;0.25%;158.85;-8.84;(-5.27%);2025-04-21
85;Marsh & Mclennan Companies, Inc.;MMC;0.24%;211.76;-8.31;(-3.77%);2025-04-21
86;Chubb Limited;CB;0.24%;278.50;-7.09;(-2.48%);2025-04-21
87;Eaton Corporation, Plcs;ETN;0.24%;256.57;-11.75;(-4.38%);2025-04-21
88;Medtronic Plc;MDT;0.24%;81.42;-1.18;(-1.43%);2025-04-21
89;American Tower Corporation;AMT;0.23%;216.88;-5.78;(-2.60%);2025-04-21
90;The Southern Company;SO;0.23%;90.06;-1.75;(-1.90%);2025-04-21
91;Bristol-Myers Squibb Co.;BMY;0.22%;48.49;-0.74;(-1.50%);2025-04-21
92;Altria Group, Inc.;MO;0.22%;57.29;-0.88;(-1.50%);2025-04-21
93;Elevance Health, Inc.;ELV;0.22%;404.90;-19.63;(-4.62%);2025-04-21
94;Lockheed Martin Corp.;LMT;0.22%;454.86;-9.22;(-1.99%);2025-04-21
95;Blackstone Inc.;BX;0.21%;120.45;-9.94;(-7.62%);2025-04-21
96;Cme Group Inc.;CME;0.21%;259.46;-3.07;(-1.17%);2025-04-21
97;Prologis, Inc.;PLD;0.21%;97.72;-4.38;(-4.29%);2025-04-21
98;Duke Energy Corporation;DUK;0.21%;119.69;-2.11;(-1.73%);2025-04-21
99;Starbucks Corp;SBUX;0.21%;79.14;-2.36;(-2.90%);2025-04-21
100;Crowdstrike Holdings, Inc. Class A;CRWD;0.21%;356.86;-18.76;(-4.99%);2025-04-21
101;Intercontinental Exchange  Inc.;ICE;0.21%;154.03;-4.61;(-2.91%);2025-04-21
102;The Cigna Group;CI;0.20%;324.19;-5.94;(-1.80%);2025-04-21
103;Welltower Inc.;WELL;0.20%;142.77;-4.51;(-3.06%);2025-04-21
104;Ge Vernova Inc.;GEV;0.20%;307.63;-15.92;(-4.92%);2025-04-21
105;Analog Devices, Inc.;ADI;0.20%;172.36;-3.91;(-2.22%);2025-04-21
106;Mckesson Corporation;MCK;0.20%;678.42;-18.67;(-2.68%);2025-04-21
107;Mondelez International, Inc. Class A;MDLZ;0.20%;67.21;-0.11;(-0.17%);2025-04-21
108;Cvs Health Corporation;CVS;0.19%;64.68;-2.62;(-3.89%);2025-04-21
109;Waste Management, Inc.;WM;0.19%;225.65;-5.26;(-2.28%);2025-04-21
110;Kla Corporation;KLAC;0.19%;611.12;-23.31;(-3.67%);2025-04-21
111;Arthur J. Gallagher & Co.;AJG;0.19%;318.83;-10.39;(-3.16%);2025-04-21
112;Intel Corp;INTC;0.18%;18.39;-0.54;(-2.87%);2025-04-21
113;Lam Research Corp;LRCX;0.18%;61.67;-2.09;(-3.28%);2025-04-21
114;O'reilly Automotive, Inc.;ORLY;0.18%;1,353.88;-37.02;(-2.66%);2025-04-21
115;Aon Plc Class A;AON;0.18%;353.85;-13.56;(-3.69%);2025-04-21
116;Amphenol Corporation;APH;0.18%;62.82;-2.25;(-3.45%);2025-04-21
117;Colgate-Palmolive Company;CL;0.17%;94.54;-0.96;(-1.01%);2025-04-21
118;The Sherwin-Williams Company;SHW;0.17%;321.61;-11.77;(-3.53%);2025-04-21
119;Equinix, Inc. Reit;EQIX;0.17%;767.29;-22.86;(-2.89%);2025-04-21
120;Micron Technology, Inc.;MU;0.17%;65.93;-2.87;(-4.17%);2025-04-21
121;Transdigm Group Incorporated;TDG;0.17%;1,296.17;-41.50;(-3.10%);2025-04-21
122;Trane Technologies Plc;TT;0.17%;322.01;-11.15;(-3.35%);2025-04-21
123;Northrop Grumman Corp.;NOC;0.17%;529.26;-11.13;(-2.06%);2025-04-21
124;Arista Networks;ANET;0.17%;66.79;-4.41;(-6.20%);2025-04-21
125;Parker-Hannifin Corporation;PH;0.16%;540.25;-20.75;(-3.70%);2025-04-21
126;Williams Companies Inc.;WMB;0.16%;55.87;-2.75;(-4.70%);2025-04-21
127;Cadence Design Systems;CDNS;0.16%;249.81;-10.41;(-4.00%);2025-04-21
128;3m Company;MMM;0.16%;124.91;-5.30;(-4.07%);2025-04-21
129;United Parcel Service, Inc. Class B;UPS;0.16%;95.27;-1.16;(-1.20%);2025-04-21
130;Cintas Corp;CTAS;0.16%;199.04;-6.72;(-3.27%);2025-04-21
131;Motorola Solutions, Inc.;MSI;0.16%;410.32;-10.63;(-2.52%);2025-04-21
132;General Dynamics Corporation;GD;0.16%;271.22;-4.87;(-1.76%);2025-04-21
133;Kkr & Co. Inc.;KKR;0.16%;97.24;-6.13;(-5.93%);2025-04-21
134;Zoetis Inc.;ZTS;0.15%;146.38;-2.29;(-1.54%);2025-04-21
135;Nike, Inc.;NKE;0.15%;54.21;-1.55;(-2.79%);2025-04-21
136;Moody's Corporation;MCO;0.15%;408.66;-16.20;(-3.81%);2025-04-21
137;Chipotle Mexican Grill, Inc.;CMG;0.15%;45.67;-2.50;(-5.20%);2025-04-21
138;Constellation Energy Corporation;CEG;0.15%;190.02;-16.66;(-8.06%);2025-04-21
139;Synopsys Inc;SNPS;0.14%;398.19;-15.13;(-3.66%);2025-04-21
140;Newmont Corporation;NEM;0.14%;54.55;-0.53;(-0.96%);2025-04-21
141;Eog Resources, Inc.;EOG;0.14%;107.82;-2.69;(-2.43%);2025-04-21
142;Capital One Financial;COF;0.14%;163.87;1.10;(0.68%);2025-04-21
143;Illinois Tool Works Inc.;ITW;0.14%;225.44;-5.40;(-2.34%);2025-04-21
144;Doordash, Inc. Class A;DASH;0.14%;170.43;-10.81;(-5.97%);2025-04-21
145;Fortinet, Inc.;FTNT;0.14%;91.78;-4.35;(-4.53%);2025-04-21
146;Autozone, Inc.;AZO;0.14%;3,517.82;-85.65;(-2.38%);2025-04-21
147;Paypal Holdings, Inc.;PYPL;0.14%;59.60;-1.40;(-2.29%);2025-04-21
148;Pnc Financial Services Group;PNC;0.14%;148.52;-3.81;(-2.50%);2025-04-21
149;Ecolab, Inc.;ECL;0.14%;229.87;-8.86;(-3.71%);2025-04-21
150;Hca Healthcare, Inc.;HCA;0.13%;316.64;-18.37;(-5.48%);2025-04-21
151;Roper Technologies, Inc.;ROP;0.13%;538.21;-19.03;(-3.42%);2025-04-21
152;U.S. Bancorp;USB;0.13%;37.34;-0.86;(-2.24%);2025-04-21
153;Regeneron Pharmaceuticals Inc;REGN;0.13%;562.75;-0.41;(-0.07%);2025-04-21
154;Air Products & Chemicals, Inc.;APD;0.13%;254.37;-8.53;(-3.24%);2025-04-21
155;The Travelers Companies, Inc.;TRV;0.13%;250.43;-5.43;(-2.12%);2025-04-21
156;American Electric Power Company, Inc.;AEP;0.13%;105.28;-2.43;(-2.25%);2025-04-21
157;Becton, Dickinson and Co.;BDX;0.13%;194.77;-3.94;(-1.98%);2025-04-21
158;Apollo Global Management, Inc.;APO;0.13%;119.33;-7.45;(-5.87%);2025-04-21
159;Emerson Electric Co.;EMR;0.13%;95.90;-3.67;(-3.68%);2025-04-21
160;Autodesk Inc;ADSK;0.13%;251.50;-7.97;(-3.07%);2025-04-21
161;Bank of New York Mellon Corporation;BK;0.12%;73.88;-2.46;(-3.22%);2025-04-21
162;Oneok, Inc.;OKE;0.12%;81.14;-5.09;(-5.90%);2025-04-21
163;Csx Corporation;CSX;0.12%;27.20;-0.48;(-1.75%);2025-04-21
164;Aflac Inc.;AFL;0.12%;104.32;-3.12;(-2.90%);2025-04-21
165;Kinder Morgan, Inc.;KMI;0.12%;25.55;-1.55;(-5.74%);2025-04-21
166;Copart Inc;CPRT;0.12%;58.50;-1.18;(-1.98%);2025-04-21
167;The Allstate Corporation;ALL;0.12%;185.92;-8.74;(-4.49%);2025-04-21
168;Realty Income Corporation;O;0.11%;57.39;-0.93;(-1.60%);2025-04-21
169;Johnson Controls International Plc;JCI;0.11%;74.14;-2.69;(-3.51%);2025-04-21
170;Hilton Worldwide Holdings Inc.;HLT;0.11%;201.67;-8.78;(-4.17%);2025-04-21
171;Marriot International Class A;MAR;0.11%;212.79;-7.62;(-3.46%);2025-04-21
172;Howmet Aerospace Inc.;HWM;0.11%;118.43;-4.80;(-3.90%);2025-04-21
173;Norfolk Southern Corp.;NSC;0.11%;215.52;-4.32;(-1.96%);2025-04-21
174;Cencora, Inc.;COR;0.11%;278.91;-7.83;(-2.73%);2025-04-21
175;Republic Services Inc.;RSG;0.11%;237.79;-5.49;(-2.26%);2025-04-21
176;Schlumberger Limited;SLB;0.11%;34.07;-1.04;(-2.95%);2025-04-21
177;Airbnb, Inc. Class A;ABNB;0.11%;110.06;-2.64;(-2.34%);2025-04-21
178;Carrier Global Corporation;CARR;0.11%;57.89;-2.01;(-3.36%);2025-04-21
179;American International Group, Inc.;AIG;0.11%;79.10;-2.04;(-2.51%);2025-04-21
180;Digital Realty Trust, Inc.;DLR;0.11%;144.51;-6.24;(-4.14%);2025-04-21
181;Royal Caribbean Group;RCL;0.11%;185.97;-6.72;(-3.49%);2025-04-21
182;Exelon Corporation;EXC;0.11%;46.03;-1.23;(-2.60%);2025-04-21
183;The Kroger Co.;KR;0.11%;71.53;0.31;(0.43%);2025-04-21
184;Kimberly-Clark Corp.;KMB;0.11%;139.88;-2.93;(-2.05%);2025-04-21
185;Workday, Inc. Class A;WDAY;0.11%;213.18;-7.84;(-3.55%);2025-04-21
186;Freeport-Mcmoran Inc.;FCX;0.11%;32.20;-0.70;(-2.12%);2025-04-21
187;Truist Financial Corporation;TFC;0.11%;35.07;-0.83;(-2.30%);2025-04-21
188;Fastenal Co;FAST;0.11%;79.94;-1.64;(-2.02%);2025-04-21
189;Public Storage;PSA;0.11%;285.36;-10.65;(-3.60%);2025-04-21
190;Fair Isaac Corporation;FICO;0.10%;1,816.07;-92.62;(-4.85%);2025-04-21
191;Paychex Inc;PAYX;0.10%;139.96;-4.94;(-3.41%);2025-04-21
192;Paccar Inc;PCAR;0.10%;85.51;-2.66;(-3.02%);2025-04-21
193;Simon Property Group, Inc.;SPG;0.10%;146.29;-4.11;(-2.73%);2025-04-21
194;Ross Stores Inc;ROST;0.10%;134.18;-5.45;(-3.90%);2025-04-21
195;Fedex Corporation;FDX;0.10%;202.10;-5.45;(-2.63%);2025-04-21
196;Crown Castle Inc.;CCI;0.10%;101.68;-1.91;(-1.84%);2025-04-21
197;Sempra;SRE;0.10%;69.32;-1.80;(-2.54%);2025-04-21
198;Kenvue Inc.;KVUE;0.10%;22.09;-1.30;(-5.57%);2025-04-21
199;Ameriprise Financial, Inc.;AMP;0.10%;448.61;-15.95;(-3.43%);2025-04-21
200;Dominion Energy, Inc;D;0.10%;51.73;-1.44;(-2.71%);2025-04-21
201;W.W. Grainger, Inc.;GWW;0.10%;972.10;-30.60;(-3.05%);2025-04-21
202;General Motors Company;GM;0.10%;43.93;-0.64;(-1.43%);2025-04-21
203;Nxp Semiconductors N.v.;NXPI;0.10%;168.59;-2.16;(-1.26%);2025-04-21
204;Target Corporation;TGT;0.10%;91.52;-1.59;(-1.71%);2025-04-21
205;Msci, Inc.;MSCI;0.10%;530.99;-15.90;(-2.91%);2025-04-21
206;Keurig Dr Pepper Inc.;KDP;0.10%;35.11;-0.29;(-0.81%);2025-04-21
207;Edwards Lifesciences Corp;EW;0.10%;69.55;-1.98;(-2.76%);2025-04-21
208;Metlife, Inc.;MET;0.09%;69.86;-2.69;(-3.71%);2025-04-21
209;Public Service Enterprise Group Incorporated;PEG;0.09%;79.68;-3.68;(-4.41%);2025-04-21
210;Verisk Analytics, Inc.;VRSK;0.09%;284.39;-8.63;(-2.95%);2025-04-21
211;L3harris Technologies, Inc.;LHX;0.09%;212.55;-5.68;(-2.60%);2025-04-21
212;Corteva, Inc.;CTVA;0.09%;58.67;-1.07;(-1.79%);2025-04-21
213;Phillips 66;PSX;0.09%;96.63;-2.47;(-2.49%);2025-04-21
214;Monster Beverage Corporation;MNST;0.09%;57.18;-1.23;(-2.11%);2025-04-21
215;Axon Enterprise, Inc.;AXON;0.09%;534.27;-25.26;(-4.52%);2025-04-21
216;Marathon Petroleum Corporation;MPC;0.09%;126.27;-1.45;(-1.13%);2025-04-21
217;Xcel Energy, Inc.;XEL;0.09%;68.42;-1.71;(-2.43%);2025-04-21
218;Discover Financial Services;DFS;0.09%;163.96;4.33;(2.71%);2025-04-21
219;Yum! Brands, Inc.;YUM;0.09%;139.61;-3.70;(-2.58%);2025-04-21
220;Fidelity National Information Services, Inc.;FIS;0.09%;77.24;2.66;(3.57%);2025-04-21
221;Quanta Services, Inc.;PWR;0.09%;252.14;-15.08;(-5.64%);2025-04-21
222;Vistra Corp.;VST;0.09%;103.85;-11.57;(-10.02%);2025-04-21
223;Otis Worldwide Corporation;OTIS;0.09%;96.52;-2.00;(-2.04%);2025-04-21
224;Consolidated Edison, Inc.;ED;0.09%;110.57;-1.53;(-1.36%);2025-04-21
225;Cummins Inc.;CMI;0.09%;269.89;-11.92;(-4.23%);2025-04-21
226;United Rentals, Inc.;URI;0.09%;564.56;-26.94;(-4.55%);2025-04-21
227;Te Connectivity Plc;TEL;0.09%;127.59;-1.65;(-1.28%);2025-04-21
228;Baker Hughes Company;BKR;0.09%;37.55;-1.36;(-3.51%);2025-04-21
229;Targa Resources Corp.;TRGP;0.09%;163.18;-11.39;(-6.53%);2025-04-21
230;Pg&e Corporation;PCG;0.08%;16.82;-0.41;(-2.41%);2025-04-21
231;Ford Motor Company;F;0.08%;9.36;-0.28;(-2.86%);2025-04-21
232;Ametek, Inc.;AME;0.08%;153.94;-3.87;(-2.45%);2025-04-21
233;Hess Corporation;HES;0.08%;125.19;-5.45;(-4.17%);2025-04-21
234;Entergy Corporation;ETR;0.08%;80.11;-3.16;(-3.80%);2025-04-21
235;Prudential Financial, Inc.;PRU;0.08%;96.02;-3.45;(-3.47%);2025-04-21
236;Sysco Corporation;SYY;0.08%;70.93;-0.81;(-1.13%);2025-04-21
237;Valero Energy Corporation;VLO;0.08%;108.07;-1.99;(-1.81%);2025-04-21
238;Take-Two Interactive Software Inc;TTWO;0.08%;203.87;-8.90;(-4.18%);2025-04-21
239;Cbre Group, Inc.;CBRE;0.08%;114.15;-3.47;(-2.95%);2025-04-21
240;Arch Capital Group Ltd;ACGL;0.08%;89.54;-3.03;(-3.28%);2025-04-21
241;Electronic Arts Inc;EA;0.08%;142.16;-3.45;(-2.37%);2025-04-21
242;D.R. Horton Inc.;DHI;0.08%;119.16;-2.09;(-1.72%);2025-04-21
243;Cognizant Technology Solutions;CTSH;0.08%;67.36;-2.08;(-2.99%);2025-04-21
244;Vici Properties Inc.;VICI;0.08%;31.94;-0.61;(-1.86%);2025-04-21
245;Wec Energy Group, Inc.;WEC;0.08%;106.63;-1.77;(-1.63%);2025-04-21
246;The Hartford Insurance Group, Inc.;HIG;0.08%;114.02;-3.78;(-3.21%);2025-04-21
247;Idexx Laboratories Inc;IDXX;0.08%;406.64;-4.86;(-1.18%);2025-04-21
248;Costar Group Inc;CSGP;0.08%;77.45;-2.25;(-2.83%);2025-04-21
249;Charter Comm Inc Del Cl a;CHTR;0.07%;321.38;-17.58;(-5.19%);2025-04-21
250;Cardinal Health, Inc.;CAH;0.07%;130.63;-4.08;(-3.03%);2025-04-21
251;Willis Towers Watson Public Limited Companys;WTW;0.07%;313.76;-7.24;(-2.26%);2025-04-21
252;Corning Incorporated;GLW;0.07%;40.19;-1.34;(-3.22%);2025-04-21
253;Vulcan Materials Company;VMC;0.07%;232.64;-9.29;(-3.84%);2025-04-21
254;Humana Inc.;HUM;0.07%;244.69;-19.79;(-7.48%);2025-04-21
255;Ebay Inc;EBAY;0.07%;65.21;-1.05;(-1.59%);2025-04-21
256;General Mills, Inc.;GIS;0.07%;57.38;-0.13;(-0.22%);2025-04-21
257;Resmed Inc.;RMD;0.07%;209.70;-3.22;(-1.51%);2025-04-21
258;Gartner, Inc.;IT;0.07%;390.29;-11.36;(-2.83%);2025-04-21
259;Eqt Corp;EQT;0.07%;47.73;-3.25;(-6.38%);2025-04-21
260;Martin Marietta Materials;MLM;0.07%;481.53;-12.71;(-2.57%);2025-04-21
261;Centene Corporation;CNC;0.07%;58.14;-2.56;(-4.22%);2025-04-21
262;Extra Space Storage, Inc.;EXR;0.07%;136.95;-4.23;(-3.00%);2025-04-21
263;Nasdaq, Inc.;NDAQ;0.07%;70.15;-2.03;(-2.81%);2025-04-21
264;Ventas, Inc.;VTR;0.07%;66.21;-1.73;(-2.54%);2025-04-21
265;Garmin Ltd;GRMN;0.07%;184.02;-6.59;(-3.46%);2025-04-21
266;Agilent Technologies Inc.;A;0.07%;99.86;-2.62;(-2.56%);2025-04-21
267;Wabtec Inc.;WAB;0.07%;165.63;-5.30;(-3.10%);2025-04-21
268;Ingersoll Rand Inc.;IR;0.07%;69.31;-2.73;(-3.79%);2025-04-21
269;Constellation Brands, Inc.;STZ;0.07%;184.67;-1.96;(-1.05%);2025-04-21
270;American Water Works Company, Inc;AWK;0.07%;146.67;-1.73;(-1.17%);2025-04-21
271;Old Dominion Freight Line;ODFL;0.07%;148.25;-5.50;(-3.58%);2025-04-21
272;Avalonbay Communities, Inc.;AVB;0.07%;199.67;-3.71;(-1.83%);2025-04-21
273;Ge Healthcare Technologies Inc.;GEHC;0.06%;60.15;-2.22;(-3.56%);2025-04-21
274;Lululemon Athletica Inc.;LULU;0.06%;249.00;-2.09;(-0.83%);2025-04-21
275;Brown & Brown, Inc.;BRO;0.06%;112.80;-4.42;(-3.77%);2025-04-21
276;Dte Energy Company;DTE;0.06%;130.87;-2.68;(-2.01%);2025-04-21
277;Broadridge Financial Solutions Inc;BR;0.06%;227.43;-8.42;(-3.57%);2025-04-21
278;Equifax, Incorporated;EFX;0.06%;215.58;-5.67;(-2.56%);2025-04-21
279;Xylem Inc;XYL;0.06%;107.44;-2.98;(-2.70%);2025-04-21
280;Occidental Petroleum Corporation;OXY;0.06%;38.59;-1.12;(-2.82%);2025-04-21
281;Tractor Supply Co;TSCO;0.06%;49.05;-1.11;(-2.20%);2025-04-21
282;Dexcom, Inc.;DXCM;0.06%;65.27;-3.30;(-4.81%);2025-04-21
283;Ameren Corporation;AEE;0.06%;96.05;-2.61;(-2.64%);2025-04-21
284;M&t Bank Corp.;MTB;0.06%;156.05;-4.19;(-2.61%);2025-04-21
285;Ansys Inc;ANSS;0.06%;293.82;-8.92;(-2.95%);2025-04-21
286;Dell Technologies Inc.;DELL;0.06%;81.37;-3.43;(-4.05%);2025-04-21
287;Ppl Corporation;PPL;0.06%;34.94;-0.78;(-2.19%);2025-04-21
288;Rockwell Automation, Inc.;ROK;0.06%;223.12;-9.17;(-3.95%);2025-04-21
289;Delta Air Lines, Inc.;DAL;0.06%;39.15;-1.70;(-4.16%);2025-04-21
290;Nucor Corporation;NUE;0.06%;106.00;-4.50;(-4.07%);2025-04-21
291;Church & Dwight Co., Inc.;CHD;0.06%;102.98;-2.40;(-2.27%);2025-04-21
292;Diamondback Energy, Inc.;FANG;0.06%;130.77;-6.88;(-4.99%);2025-04-21
293;The Kraft Heinz Company;KHC;0.06%;29.75;0.29;(0.98%);2025-04-21
294;Dupont De Nemours, Inc.;DD;0.06%;58.95;-1.19;(-1.98%);2025-04-21
295;Monolithic Power Systems, Inc.;MPWR;0.06%;500.99;-22.60;(-4.32%);2025-04-21
296;Atmos Energy Corporation;ATO;0.06%;154.98;-2.56;(-1.63%);2025-04-21
297;Iron Mountain Inc.;IRM;0.06%;80.85;-3.36;(-3.99%);2025-04-21
298;The Hershey Company;HSY;0.06%;165.92;-0.67;(-0.40%);2025-04-21
299;Sba Communications Corp;SBAC;0.06%;223.68;-5.38;(-2.35%);2025-04-21
300;Texas Pacific Land Corporation;TPL;0.06%;1,225.36;-73.28;(-5.64%);2025-04-21
301;Lennar Corporation Class A;LEN;0.06%;102.88;-1.85;(-1.77%);2025-04-21
302;Raymond James Financial, Inc.;RJF;0.06%;129.73;-3.73;(-2.79%);2025-04-21
303;Tyler Technologies, Inc.;TYL;0.05%;554.35;-15.85;(-2.78%);2025-04-21
304;International Paper Co.;IP;0.05%;44.68;-1.60;(-3.46%);2025-04-21
305;Centerpoint Energy, Inc.;CNP;0.05%;36.34;-0.82;(-2.20%);2025-04-21
306;Godaddy Inc;GDDY;0.05%;165.14;-6.64;(-3.87%);2025-04-21
307;Iqvia Holdings Inc.;IQV;0.05%;138.76;-5.15;(-3.58%);2025-04-21
308;Darden Restaurants, Inc.;DRI;0.05%;195.22;-5.00;(-2.50%);2025-04-21
309;State Street Corporation;STT;0.05%;79.99;-1.27;(-1.56%);2025-04-21
310;Keysight Technologies, Inc.;KEYS;0.05%;130.08;-5.38;(-3.97%);2025-04-21
311;Equity Residential;EQR;0.05%;66.66;-1.58;(-2.31%);2025-04-21
312;Ppg Industries, Inc.;PPG;0.05%;98.61;-1.44;(-1.44%);2025-04-21
313;Fifth Third Bancorp;FITB;0.05%;32.81;-1.34;(-3.94%);2025-04-21
314;Archer Daniels Midland Company;ADM;0.05%;47.76;-0.06;(-0.14%);2025-04-21
315;Cboe Global Markets, Inc.;CBOE;0.05%;215.89;-1.18;(-0.54%);2025-04-21
316;Expand Energy Corporation;EXE;0.05%;101.98;-4.49;(-4.22%);2025-04-21
317;Hp Inc.;HPQ;0.05%;23.45;-0.38;(-1.59%);2025-04-21
318;Fortive Corporation;FTV;0.05%;63.26;-2.18;(-3.33%);2025-04-21
319;Edison International;EIX;0.05%;55.53;-1.86;(-3.24%);2025-04-21
320;Kellanova;K;0.05%;82.21;-0.17;(-0.20%);2025-04-21
321;Veralto Corporation;VLTO;0.05%;87.10;-2.45;(-2.73%);2025-04-21
322;Dover Corporation;DOV;0.05%;156.74;-4.34;(-2.70%);2025-04-21
323;Steris Plc;STE;0.05%;217.25;-4.98;(-2.24%);2025-04-21
324;United Airlines Holdings, Inc.;UAL;0.05%;64.62;-1.69;(-2.54%);2025-04-21
325;Cms Energy Corporation;CMS;0.05%;71.85;-1.06;(-1.46%);2025-04-21
326;Nvr, Inc.;NVR;0.05%;7,043.61;-146.46;(-2.04%);2025-04-21
327;Teledyne Technologies Incorporated;TDY;0.05%;450.14;-12.06;(-2.61%);2025-04-21
328;Firstenergy Corp.;FE;0.05%;41.44;-0.58;(-1.39%);2025-04-21
329;Corpay, Inc.;CPAY;0.05%;295.27;-13.47;(-4.36%);2025-04-21
330;Eversource Energy;ES;0.05%;55.74;-1.70;(-2.96%);2025-04-21
331;Mettler-Toledo International;MTD;0.05%;970.99;-33.97;(-3.38%);2025-04-21
332;W.R. Berkley Corporation;WRB;0.05%;66.84;-1.96;(-2.85%);2025-04-21
333;Microchip Technology Inc;MCHP;0.05%;38.40;-0.16;(-0.43%);2025-04-21
334;Cincinnati Financial Corp;CINF;0.05%;127.10;-5.14;(-3.89%);2025-04-21
335;Smurfit Westrock Plc;SW;0.05%;40.39;-0.96;(-2.32%);2025-04-21
336;Dollar General Corp.;DG;0.05%;94.24;1.17;(1.26%);2025-04-21
337;Cdw Corporation;CDW;0.05%;148.13;-3.34;(-2.20%);2025-04-21
338;Verisign Inc;VRSN;0.05%;241.43;-5.24;(-2.12%);2025-04-21
339;Live Nation Entertainment Inc.;LYV;0.05%;122.96;-4.26;(-3.35%);2025-04-21
340;Devon Energy Corporation;DVN;0.04%;29.11;-1.20;(-3.98%);2025-04-21
341;Hewlett Packard Enterprise Company;HPE;0.04%;14.64;-0.50;(-3.30%);2025-04-21
342;Huntington Bancshares Inc;HBAN;0.04%;13.38;-0.29;(-2.16%);2025-04-21
343;Nrg Energy, Inc.;NRG;0.04%;91.24;-6.62;(-6.76%);2025-04-21
344;Dow Inc.;DOW;0.04%;27.91;-0.24;(-0.85%);2025-04-21
345;Halliburton Company;HAL;0.04%;21.73;-0.80;(-3.57%);2025-04-21
346;Zimmer Biomet Holdings, Inc.;ZBH;0.04%;94.36;-3.56;(-3.63%);2025-04-21
347;Pultegroup, Inc.;PHM;0.04%;91.92;-3.03;(-3.19%);2025-04-21
348;Invitation Homes Inc.;INVH;0.04%;32.97;-0.65;(-1.93%);2025-04-21
349;T Rowe Price Group Inc;TROW;0.04%;83.09;-3.02;(-3.51%);2025-04-21
350;Waters Corp;WAT;0.04%;316.61;-4.40;(-1.37%);2025-04-21
351;Coterra Energy Inc.;CTRA;0.04%;24.69;-1.16;(-4.50%);2025-04-21
352;Mccormick & Company, Incorporated Non-Vtg Cs;MKC;0.04%;74.36;-0.96;(-1.27%);2025-04-21
353;Weyerhaeuser Company;WY;0.04%;24.54;-1.27;(-4.94%);2025-04-21
354;Carnival Corporation;CCL;0.04%;17.10;-0.89;(-4.95%);2025-04-21
355;Synchrony Financial;SYF;0.04%;46.63;-1.24;(-2.59%);2025-04-21
356;Expedia Group, Inc.;EXPE;0.04%;144.61;-6.55;(-4.33%);2025-04-21
357;International Flavors & Fragrances Inc.;IFF;0.04%;72.11;-0.39;(-0.54%);2025-04-21
358;Nisource Inc.;NI;0.04%;38.03;-1.26;(-3.21%);2025-04-21
359;Mid-America Apartment Communities, Inc.;MAA;0.04%;154.27;-2.82;(-1.79%);2025-04-21
360;Leidos Holdings, Inc.;LDOS;0.04%;137.57;-1.85;(-1.33%);2025-04-21
361;Hubbell Incorporated;HUBB;0.04%;326.24;-12.73;(-3.76%);2025-04-21
362;Quest Diagnostics Inc.;DGX;0.04%;160.50;-3.31;(-2.02%);2025-04-21
363;Labcorp Holdings Inc.;LH;0.04%;210.08;-7.05;(-3.24%);2025-04-21
364;Warner Bros. Discovery, Inc. Series a;WBD;0.04%;7.80;-0.31;(-3.88%);2025-04-21
365;Molina Healthcare, Inc.;MOH;0.04%;304.05;-18.14;(-5.63%);2025-04-21
366;Lennox International Inc.;LII;0.04%;539.96;-16.19;(-2.91%);2025-04-21
367;Essex Property Trust, Inc;ESS;0.04%;268.07;-7.22;(-2.62%);2025-04-21
368;Regions Financial Corp.;RF;0.04%;18.92;-0.39;(-2.04%);2025-04-21
369;Tyson Foods, Inc.;TSN;0.04%;60.37;-0.84;(-1.37%);2025-04-21
370;Clorox Company;CLX;0.04%;137.44;-2.34;(-1.68%);2025-04-21
371;Northern Trust Corp;NTRS;0.04%;85.82;-2.47;(-2.80%);2025-04-21
372;Biogen Inc.;BIIB;0.04%;116.39;-2.22;(-1.87%);2025-04-21
373;Insulet Corporation;PODD;0.04%;239.08;-7.73;(-3.13%);2025-04-21
374;Ptc, Inc;PTC;0.04%;139.02;-4.54;(-3.16%);2025-04-21
375;Global Payments, Inc.;GPN;0.04%;66.24;-3.22;(-4.64%);2025-04-21
376;Williams-Sonoma, Inc.;WSM;0.04%;134.60;-4.61;(-3.31%);2025-04-21
377;Netapp, Inc;NTAP;0.04%;80.69;-1.92;(-2.32%);2025-04-21
378;Steel Dynamics Inc;STLD;0.04%;112.96;-5.33;(-4.50%);2025-04-21
379;Packaging Corp of America;PKG;0.04%;180.11;-7.08;(-3.78%);2025-04-21
380;Ulta Beauty, Inc.;ULTA;0.04%;359.66;1.91;(0.53%);2025-04-21
381;Factset Research Systems;FDS;0.04%;410.42;-16.63;(-3.89%);2025-04-21
382;Domino's Pizza Inc.;DPZ;0.04%;465.37;-1.38;(-0.29%);2025-04-21
383;Deckers Outdoor Corp;DECK;0.04%;100.87;-4.80;(-4.54%);2025-04-21
384;Snap-on Incorporated;SNA;0.04%;291.73;-13.71;(-4.49%);2025-04-21
385;Dollar Tree Inc.;DLTR;0.04%;79.15;0.01;(0.01%);2025-04-21
386;Seagate Technology Holdings Plcs;STX;0.04%;72.84;-2.94;(-3.88%);2025-04-21
387;Super Micro Computer, Inc.;SMCI;0.04%;29.16;-2.34;(-7.44%);2025-04-21
388;Genuine Parts Company;GPC;0.04%;111.22;-2.88;(-2.52%);2025-04-21
389;The Cooper Companies, Inc.;COO;0.04%;78.18;-1.33;(-1.68%);2025-04-21
390;Rollins, Inc.;ROL;0.04%;54.48;-1.30;(-2.34%);2025-04-21
391;Evergy, Inc.;EVRG;0.04%;66.66;-1.72;(-2.51%);2025-04-21
392;Alliant Energy Corporation;LNT;0.04%;59.05;-1.75;(-2.88%);2025-04-21
393;Citizens Financial Group, Inc.;CFG;0.03%;34.06;-1.40;(-3.94%);2025-04-21
394;Principal Financial Group, Inc.;PFG;0.03%;69.90;-2.24;(-3.10%);2025-04-21
395;Loews Corporation;L;0.03%;82.67;-2.65;(-3.10%);2025-04-21
396;Everest Group, Ltd.;EG;0.03%;341.24;-8.69;(-2.48%);2025-04-21
397;Expeditors International of Washington, Inc.;EXPD;0.03%;104.14;-2.56;(-2.40%);2025-04-21
398;F5, Inc.;FFIV;0.03%;249.23;-9.39;(-3.63%);2025-04-21
399;Jabil Inc.;JBL;0.03%;128.98;-6.06;(-4.49%);2025-04-21
400;Baxter International Inc.;BAX;0.03%;28.42;-0.47;(-1.63%);2025-04-21
401;Lyondellbasell Industries N.v. Class A;LYB;0.03%;56.05;-0.72;(-1.26%);2025-04-21
402;Southwest Airlines Co.;LUV;0.03%;23.86;-0.88;(-3.58%);2025-04-21
403;West Pharmaceutical Services, Inc.;WST;0.03%;203.47;1.57;(0.78%);2025-04-21
404;On Semiconductor Corp;ON;0.03%;34.27;-0.37;(-1.07%);2025-04-21
405;Jacobs Solutions Inc.;J;0.03%;114.35;-2.87;(-2.45%);2025-04-21
406;Omnicom Group Inc.;OMC;0.03%;71.50;-1.74;(-2.38%);2025-04-21
407;Trimble Inc.;TRMB;0.03%;55.64;-2.59;(-4.45%);2025-04-21
408;Keycorp;KEY;0.03%;13.71;-0.56;(-3.96%);2025-04-21
409;Ball Corporation;BALL;0.03%;47.01;-0.38;(-0.79%);2025-04-21
410;Kimco Realty Corp.;KIM;0.03%;20.04;-0.55;(-2.69%);2025-04-21
411;Avery Dennison Corp.;AVY;0.03%;167.29;-3.56;(-2.09%);2025-04-21
412;First Solar, Inc.;FSLR;0.03%;121.50;-6.48;(-5.06%);2025-04-21
413;Amcor Plcs;AMCR;0.03%;9.23;-0.16;(-1.69%);2025-04-21
414;Builders Firstsource, Inc.;BLDR;0.03%;113.47;-3.47;(-2.97%);2025-04-21
415;Pentair Plc;PNR;0.03%;77.98;-2.38;(-2.96%);2025-04-21
416;Gen Digital Inc.;GEN;0.03%;23.57;-0.88;(-3.60%);2025-04-21
417;Tapestry, Inc.;TPR;0.03%;61.74;-1.90;(-2.99%);2025-04-21
418;Healthpeak Properties, Inc.;DOC;0.03%;18.31;-0.45;(-2.37%);2025-04-21
419;Masco Corporation;MAS;0.03%;59.65;-1.93;(-3.14%);2025-04-21
420;Cf Industries Holding, Inc.;CF;0.03%;74.26;-0.65;(-0.86%);2025-04-21
421;Hologic Inc;HOLX;0.03%;56.94;-0.62;(-1.07%);2025-04-21
422;The Estee Lauder Companies Inc. Class A;EL;0.03%;53.54;-0.94;(-1.72%);2025-04-21
423;Western Digital Corp.;WDC;0.03%;35.65;-0.86;(-2.35%);2025-04-21
424;Henry (Jack) & Associates;JKHY;0.03%;168.74;-3.09;(-1.80%);2025-04-21
425;The J.M. Smucker Company;SJM;0.03%;115.44;-1.00;(-0.86%);2025-04-21
426;Udr, Inc.;UDR;0.03%;40.42;-0.88;(-2.12%);2025-04-21
427;Idex Corporation;IEX;0.03%;159.75;-4.20;(-2.56%);2025-04-21
428;Best Buy Company, Inc.;BBY;0.03%;60.63;-1.34;(-2.17%);2025-04-21
429;Conagra Brands, Inc.;CAG;0.03%;25.31;-0.02;(-0.06%);2025-04-21
430;Textron, Inc.;TXT;0.03%;63.89;-2.15;(-3.26%);2025-04-21
431;Camden Property Trust;CPT;0.03%;110.02;-2.27;(-2.02%);2025-04-21
432;Align Technology Inc;ALGN;0.03%;169.29;-2.12;(-1.24%);2025-04-21
433;Alexandria Real Estate Equities, Inc.;ARE;0.03%;75.03;-2.81;(-3.62%);2025-04-21
434;Aptiv Plc;APTV;0.03%;50.27;-1.44;(-2.78%);2025-04-21
435;Regency Centers Corporation;REG;0.03%;70.00;-1.66;(-2.32%);2025-04-21
436;Zebra Technologies Corporation;ZBRA;0.03%;218.73;-8.00;(-3.53%);2025-04-21
437;Pool Corporation;POOL;0.03%;296.41;-9.84;(-3.21%);2025-04-21
438;Teradyne, Inc.;TER;0.03%;68.35;-2.90;(-4.07%);2025-04-21
439;Juniper Networks Inc;JNPR;0.03%;33.92;-0.41;(-1.21%);2025-04-21
440;Las Vegas Sands Corp.;LVS;0.03%;32.57;-0.20;(-0.61%);2025-04-21
441;Revvity, Inc.;RVTY;0.03%;88.76;-3.06;(-3.34%);2025-04-21
442;Akamai Technologies Inc;AKAM;0.02%;71.69;-1.77;(-2.41%);2025-04-21
443;Allegion Public Limited Company;ALLE;0.02%;122.26;-4.09;(-3.24%);2025-04-21
444;Lkq Corporation;LKQ;0.02%;41.16;-0.87;(-2.07%);2025-04-21
445;Pinnacle West Capital Corporation;PNW;0.02%;92.67;-1.78;(-1.89%);2025-04-21
446;C.H. Robinson Worldwide, Inc.;CHRW;0.02%;88.36;-2.78;(-3.05%);2025-04-21
447;Bunge Global Sa;BG;0.02%;78.43;-0.53;(-0.67%);2025-04-21
448;Fox Corporation Class A;FOXA;0.02%;46.67;-1.30;(-2.71%);2025-04-21
449;Jb Hunt Transport Services Inc;JBHT;0.02%;124.35;-4.88;(-3.78%);2025-04-21
450;Erie Indemnity Co;ERIE;0.02%;394.02;-16.93;(-4.12%);2025-04-21
451;Universal Health Services, Inc. Class B;UHS;0.02%;156.87;-17.93;(-10.26%);2025-04-21
452;Paycom Software, Inc.;PAYC;0.02%;204.54;-12.38;(-5.71%);2025-04-21
453;Globe Life Inc.;GL;0.02%;115.99;-5.26;(-4.34%);2025-04-21
454;Molson Coors Beverage Company Class B;TAP;0.02%;57.01;-1.74;(-2.96%);2025-04-21
455;Carmax Inc.;KMX;0.02%;62.08;-2.52;(-3.89%);2025-04-21
456;Tko Group Holdings, Inc.;TKO;0.02%;142.76;-6.47;(-4.33%);2025-04-21
457;Nordson Corp;NDSN;0.02%;175.24;-5.57;(-3.08%);2025-04-21
458;News Corporation Class A;NWSA;0.02%;25.14;-0.72;(-2.78%);2025-04-21
459;Assurant, Inc.;AIZ;0.02%;182.97;-6.00;(-3.17%);2025-04-21
460;Host Hotels & Resorts, Inc.;HST;0.02%;13.37;-0.29;(-2.13%);2025-04-21
461;Incyte Genomics Inc;INCY;0.02%;56.51;-1.70;(-2.92%);2025-04-21
462;Bxp, Inc.;BXP;0.02%;61.74;-2.15;(-3.36%);2025-04-21
463;Solventum Corporation;SOLV;0.02%;63.29;-2.97;(-4.48%);2025-04-21
464;Viatris Inc.;VTRS;0.02%;7.55;-0.01;(-0.20%);2025-04-21
465;Skyworks Solutions Inc;SWKS;0.02%;55.79;-0.20;(-0.35%);2025-04-21
466;The Interpublic Group of Companies, Inc.;IPG;0.02%;23.31;-0.63;(-2.63%);2025-04-21
467;Hormel Foods Corporation;HRL;0.02%;30.18;-0.40;(-1.30%);2025-04-21
468;Eastman Chemical Company;EMN;0.02%;76.29;-0.47;(-0.61%);2025-04-21
469;Stanley Black & Decker, Inc.;SWK;0.02%;56.01;-1.20;(-2.10%);2025-04-21
470;Huntington Ingalls Industries, Inc.;HII;0.02%;215.98;-3.50;(-1.59%);2025-04-21
471;The Mosaic Company;MOS;0.02%;26.94;-0.33;(-1.21%);2025-04-21
472;Dayforce, Inc.;DAY;0.02%;52.11;-2.04;(-3.76%);2025-04-21
473;Marketaxess Holdings Inc.;MKTX;0.02%;220.81;-4.35;(-1.93%);2025-04-21
474;Moderna, Inc.;MRNA;0.02%;24.97;0.25;(1.01%);2025-04-21
475;Epam Systems, Inc.;EPAM;0.02%;144.81;-2.35;(-1.60%);2025-04-21
476;Ralph Lauren Corporation;RL;0.02%;199.71;-6.79;(-3.29%);2025-04-21
477;Henry Schein Inc;HSIC;0.02%;62.57;-2.16;(-3.33%);2025-04-21
478;Walgreens Boots Alliance, Inc;WBA;0.02%;10.85;-0.04;(-0.41%);2025-04-21
479;Lamb Weston Holdings, Inc.;LW;0.02%;50.99;-2.57;(-4.81%);2025-04-21
480;Bio-Techne Corp.;TECH;0.02%;47.00;-1.10;(-2.28%);2025-04-21
481;A.O. Smith Corporation;AOS;0.02%;61.65;-1.49;(-2.37%);2025-04-21
482;The Campbell's Company;CPB;0.02%;37.46;-0.07;(-0.19%);2025-04-21
483;Match Group, Inc;MTCH;0.02%;28.78;-0.25;(-0.84%);2025-04-21
484;Aes Corporation;AES;0.02%;9.66;-0.53;(-5.16%);2025-04-21
485;Norwegian Cruise Line Holdings Ltd.s;NCLH;0.02%;15.92;-0.46;(-2.80%);2025-04-21
486;Federal Realty Investment Trust;FRT;0.02%;91.41;-2.31;(-2.46%);2025-04-21
487;Enphase Energy, Inc.;ENPH;0.02%;51.08;-1.46;(-2.78%);2025-04-21
488;Hasbro, Inc.;HAS;0.02%;50.73;-1.92;(-3.64%);2025-04-21
489;Wynn Resorts Ltd;WYNN;0.02%;74.33;-0.44;(-0.59%);2025-04-21
490;Generac Holdings Inc;GNRC;0.01%;105.32;-6.40;(-5.73%);2025-04-21
491;Mgm Resorts International;MGM;0.01%;28.64;-0.26;(-0.90%);2025-04-21
492;Paramount Global Class B;PARA;0.01%;10.85;-0.09;(-0.87%);2025-04-21
493;Albemarle Corporation;ALB;0.01%;51.45;-1.46;(-2.76%);2025-04-21
494;Davita Inc.;DVA;0.01%;134.09;-5.94;(-4.24%);2025-04-21
495;Brown-Forman Corporation Class B;BF.B;0.01%;33.63;-0.16;(-0.49%);2025-04-21
496;Apa Corporation;APA;0.01%;15.20;-0.91;(-5.68%);2025-04-21
497;Fox Corporation Class B;FOX;0.01%;43.51;-1.06;(-2.39%);2025-04-21
498;Invesco Ltd;IVZ;0.01%;12.31;-0.49;(-3.85%);2025-04-21
499;Franklin Resources, Inc.;BEN;0.01%;17.18;-0.43;(-2.46%);2025-04-21
500;Charles River Laboratories International, Inc.;CRL;0.01%;100.96;-5.09;(-4.80%);2025-04-21
501;Caesars Entertainment, Inc.;CZR;0.01%;24.74;-0.77;(-3.01%);2025-04-21
502;Mohawk Industries, Inc.;MHK;0.01%;98.63;-4.06;(-3.96%);2025-04-21
503;News Corporation Class B;NWS;0.01%;29.17;-0.83;(-2.78%);2025-04-21
